1749407845649,2398,HTTP Request,200,OK,Thread Group2 2-1,text,true,,807256,1313,2,7,https://accounts.google.com/v3/signin/identifier?continue=https%3A%2F%2Fmail.google.com%2Fmail%2Fu%2F0%2F&emr=1&followup=https%3A%2F%2Fmail.google.com%2Fmail%2Fu%2F0%2F&ifkv=AdBytiPwatBZDP6yT_eU6D_o9BE69WBJovnNfcj6XX9fCwLiL8T3veos5iXA7euDSTftqGQoNLiQ&osid=1&passive=1209600&service=mail&flowName=WebLiteSignIn&flowEntry=ServiceLogin&dsh=S-1560274237%3A1749407846115199,35,0,24
1749407845649,35,HTTP Request-0,301,Moved Permanently,Thread Group2 2-1,text,true,,607,112,2,7,http://gmail.com/,35,0,24
1749407845684,357,HTTP Request-1,302,Found,Thread Group2 2-1,text,true,,759,127,2,7,https://mail.google.com/mail/u/0/,357,0,183
1749407846042,544,HTTP Request-2,302,Found,Thread Group2 2-1,text,true,,1653,262,2,7,https://accounts.google.com/ServiceLogin?service=mail&passive=1209600&osid=1&continue=https://mail.google.com/mail/u/0/&followup=https://mail.google.com/mail/u/0/&emr=1,544,0,370
1749407846586,186,HTTP Request-3,302,Moved Temporarily,Thread Group2 2-1,text,true,,2088,350,2,7,https://accounts.google.com/InteractiveLogin?continue=https://mail.google.com/mail/u/0/&emr=1&followup=https://mail.google.com/mail/u/0/&osid=1&passive=1209600&service=mail&ifkv=AdBytiPNngpnWDT6wvD3iwSIBBsjM0Z6NqoHMc9HMXDm7BzsWAjTpzswa_9kQp69h-snNFhY0uSvpg,186,0,0
1749407846772,1275,HTTP Request-4,200,OK,Thread Group2 2-1,text,true,,802149,462,2,7,https://accounts.google.com/v3/signin/identifier?continue=https%3A%2F%2Fmail.google.com%2Fmail%2Fu%2F0%2F&emr=1&followup=https%3A%2F%2Fmail.google.com%2Fmail%2Fu%2F0%2F&ifkv=AdBytiPwatBZDP6yT_eU6D_o9BE69WBJovnNfcj6XX9fCwLiL8T3veos5iXA7euDSTftqGQoNLiQ&osid=1&passive=1209600&service=mail&flowName=WebLiteSignIn&flowEntry=ServiceLogin&dsh=S-1560274237%3A1749407846115199,187,0,0
1749407845649,2418,HTTP Request,200,OK,Thread Group1 1-1,text,true,,807618,1311,5,6,https://accounts.google.com/v3/signin/identifier?continue=https%3A%2F%2Fmail.google.com%2Fmail%2Fu%2F0%2F&emr=1&followup=https%3A%2F%2Fmail.google.com%2Fmail%2Fu%2F0%2F&ifkv=AdBytiNCdQESAPSzWvPQi6cNf5rUQaIKcs-kMuBgDtzWMfyv1CV0ZXk7SwYxpm6Vk4jbyT-4aqRJ&osid=1&passive=1209600&service=mail&flowName=WebLiteSignIn&flowEntry=ServiceLogin&dsh=S-15389655%3A1749407846168079,35,0,24
1749407845649,35,HTTP Request-0,301,Moved Permanently,Thread Group1 1-1,text,true,,607,112,5,6,http://gmail.com/,35,0,24
1749407845684,362,HTTP Request-1,302,Found,Thread Group1 1-1,text,true,,759,127,5,6,https://mail.google.com/mail/u/0/,362,0,184
1749407846046,592,HTTP Request-2,302,Found,Thread Group1 1-1,text,true,,1653,262,5,6,https://accounts.google.com/ServiceLogin?service=mail&passive=1209600&osid=1&continue=https://mail.google.com/mail/u/0/&followup=https://mail.google.com/mail/u/0/&emr=1,592,0,419
1749407846638,190,HTTP Request-3,302,Moved Temporarily,Thread Group1 1-1,text,true,,2084,350,5,6,https://accounts.google.com/InteractiveLogin?continue=https://mail.google.com/mail/u/0/&emr=1&followup=https://mail.google.com/mail/u/0/&osid=1&passive=1209600&service=mail&ifkv=AdBytiO3Cs3sfOyZMrJJj2PtacXO7F5XfCF9P3nRWMQUdfPwca_YODVhPNrDiQaAkPgpnTclahKUsA,190,0,0
1749407846828,1239,HTTP Request-4,200,OK,Thread Group1 1-1,text,true,,802515,460,5,6,https://accounts.google.com/v3/signin/identifier?continue=https%3A%2F%2Fmail.google.com%2Fmail%2Fu%2F0%2F&emr=1&followup=https%3A%2F%2Fmail.google.com%2Fmail%2Fu%2F0%2F&ifkv=AdBytiNCdQESAPSzWvPQi6cNf5rUQaIKcs-kMuBgDtzWMfyv1CV0ZXk7SwYxpm6Vk4jbyT-4aqRJ&osid=1&passive=1209600&service=mail&flowName=WebLiteSignIn&flowEntry=ServiceLogin&dsh=S-15389655%3A1749407846168079,189,0,0
1749407845863,2294,HTTP Request,200,OK,Thread Group1 1-2,text,true,,807381,1312,4,5,https://accounts.google.com/v3/signin/identifier?continue=https%3A%2F%2Fmail.google.com%2Fmail%2Fu%2F0%2F&emr=1&followup=https%3A%2F%2Fmail.google.com%2Fmail%2Fu%2F0%2F&ifkv=AdBytiPpF30W9DMGhL07UH-johmnpPoFIurGr7_o8mpGDTDqFE0skiHDDNpdOxigWLxV9BQpRVLcJQ&osid=1&passive=1209600&service=mail&flowName=WebLiteSignIn&flowEntry=ServiceLogin&dsh=S-536587524%3A1749407846322449,19,0,10
1749407845863,19,HTTP Request-0,301,Moved Permanently,Thread Group1 1-2,text,true,,607,112,4,5,http://gmail.com/,19,0,10
1749407845882,360,HTTP Request-1,302,Found,Thread Group1 1-2,text,true,,759,127,4,5,https://mail.google.com/mail/u/0/,360,0,178
1749407846242,554,HTTP Request-2,302,Found,Thread Group1 1-2,text,true,,1651,262,4,5,https://accounts.google.com/ServiceLogin?service=mail&passive=1209600&osid=1&continue=https://mail.google.com/mail/u/0/&followup=https://mail.google.com/mail/u/0/&emr=1,554,0,385
1749407846796,182,HTTP Request-3,302,Moved Temporarily,Thread Group1 1-2,text,true,,2090,348,4,5,https://accounts.google.com/InteractiveLogin?continue=https://mail.google.com/mail/u/0/&emr=1&followup=https://mail.google.com/mail/u/0/&osid=1&passive=1209600&service=mail&ifkv=AdBytiNeWdzAF-tl2UuQ3LWRdLv4dOaErW2yxh7AIPJI-NF3lL9dmApeJBmFjqhYZPvARvuGNzp-,182,0,0
1749407846978,1179,HTTP Request-4,200,OK,Thread Group1 1-2,text,true,,802274,463,4,5,https://accounts.google.com/v3/signin/identifier?continue=https%3A%2F%2Fmail.google.com%2Fmail%2Fu%2F0%2F&emr=1&followup=https%3A%2F%2Fmail.google.com%2Fmail%2Fu%2F0%2F&ifkv=AdBytiPpF30W9DMGhL07UH-johmnpPoFIurGr7_o8mpGDTDqFE0skiHDDNpdOxigWLxV9BQpRVLcJQ&osid=1&passive=1209600&service=mail&flowName=WebLiteSignIn&flowEntry=ServiceLogin&dsh=S-536587524%3A1749407846322449,200,0,0
1749407846049,2307,HTTP Request,200,OK,Thread Group1 1-3,text,true,,807040,1315,3,4,https://accounts.google.com/v3/signin/identifier?continue=https%3A%2F%2Fmail.google.com%2Fmail%2Fu%2F0%2F&emr=1&followup=https%3A%2F%2Fmail.google.com%2Fmail%2Fu%2F0%2F&ifkv=AdBytiMbmA_HxaXkv_HePrQffBzPhMwCjzH4jL6dN0La_iIcT3p6EBEkGGWYdIPTIdxYs7I75tt1qg&osid=1&passive=1209600&service=mail&flowName=WebLiteSignIn&flowEntry=ServiceLogin&dsh=S-1373262256%3A1749407846465181,19,0,10
1749407846049,19,HTTP Request-0,301,Moved Permanently,Thread Group1 1-3,text,true,,607,112,3,4,http://gmail.com/,19,0,10
1749407846068,357,HTTP Request-1,302,Found,Thread Group1 1-3,text,true,,759,127,3,4,https://mail.google.com/mail/u/0/,357,0,176
1749407846425,510,HTTP Request-2,302,Found,Thread Group1 1-3,text,true,,1653,262,3,4,https://accounts.google.com/ServiceLogin?service=mail&passive=1209600&osid=1&continue=https://mail.google.com/mail/u/0/&followup=https://mail.google.com/mail/u/0/&emr=1,510,0,337
1749407846935,189,HTTP Request-3,302,Moved Temporarily,Thread Group1 1-3,text,true,,2092,350,3,4,https://accounts.google.com/InteractiveLogin?continue=https://mail.google.com/mail/u/0/&emr=1&followup=https://mail.google.com/mail/u/0/&osid=1&passive=1209600&service=mail&ifkv=AdBytiPWJmOq62VAQ0j4cqPC_JMYsELPVVX_rC2rbjTQlFo0Vr54Bncrj94tDx1-zoRtgDLEr_8O2w,189,0,0
1749407847124,1232,HTTP Request-4,200,OK,Thread Group1 1-3,text,true,,801929,464,3,4,https://accounts.google.com/v3/signin/identifier?continue=https%3A%2F%2Fmail.google.com%2Fmail%2Fu%2F0%2F&emr=1&followup=https%3A%2F%2Fmail.google.com%2Fmail%2Fu%2F0%2F&ifkv=AdBytiMbmA_HxaXkv_HePrQffBzPhMwCjzH4jL6dN0La_iIcT3p6EBEkGGWYdIPTIdxYs7I75tt1qg&osid=1&passive=1209600&service=mail&flowName=WebLiteSignIn&flowEntry=ServiceLogin&dsh=S-1373262256%3A1749407846465181,210,0,0
1749407846158,2233,HTTP Request,200,OK,Thread Group2 2-2,text,true,,807201,1315,1,3,https://accounts.google.com/v3/signin/identifier?continue=https%3A%2F%2Fmail.google.com%2Fmail%2Fu%2F0%2F&emr=1&followup=https%3A%2F%2Fmail.google.com%2Fmail%2Fu%2F0%2F&ifkv=AdBytiPhDFh-W3j_VAwyHuWj9_RvR7BqUxUT_YLJDur-D9eLseAhMOGjs90Ztj0JuN5wXlfQlZymBA&osid=1&passive=1209600&service=mail&flowName=WebLiteSignIn&flowEntry=ServiceLogin&dsh=S-1106417093%3A1749407846608254,21,0,11
1749407846158,21,HTTP Request-0,301,Moved Permanently,Thread Group2 2-2,text,true,,607,112,1,3,http://gmail.com/,21,0,11
1749407846180,366,HTTP Request-1,302,Found,Thread Group2 2-2,text,true,,759,127,1,3,https://mail.google.com/mail/u/0/,366,0,178
1749407846546,533,HTTP Request-2,302,Found,Thread Group2 2-2,text,true,,1653,262,1,3,https://accounts.google.com/ServiceLogin?service=mail&passive=1209600&osid=1&continue=https://mail.google.com/mail/u/0/&followup=https://mail.google.com/mail/u/0/&emr=1,533,0,360
1749407847079,188,HTTP Request-3,302,Moved Temporarily,Thread Group2 2-2,text,true,,2092,350,1,3,https://accounts.google.com/InteractiveLogin?continue=https://mail.google.com/mail/u/0/&emr=1&followup=https://mail.google.com/mail/u/0/&osid=1&passive=1209600&service=mail&ifkv=AdBytiP8Fag2B1Gf81Z64PgFWODqKPD6FSGxLIcq8nlpiGGQESRVPftUYTtT4k1aTGk_jU-JvYdOEA,188,0,0
1749407847267,1124,HTTP Request-4,200,OK,Thread Group2 2-2,text,true,,802090,464,1,3,https://accounts.google.com/v3/signin/identifier?continue=https%3A%2F%2Fmail.google.com%2Fmail%2Fu%2F0%2F&emr=1&followup=https%3A%2F%2Fmail.google.com%2Fmail%2Fu%2F0%2F&ifkv=AdBytiPhDFh-W3j_VAwyHuWj9_RvR7BqUxUT_YLJDur-D9eLseAhMOGjs90Ztj0JuN5wXlfQlZymBA&osid=1&passive=1209600&service=mail&flowName=WebLiteSignIn&flowEntry=ServiceLogin&dsh=S-1106417093%3A1749407846608254,192,0,0
1749407846252,2339,HTTP Request,200,OK,Thread Group1 1-4,text,true,,807741,1314,2,2,https://accounts.google.com/v3/signin/identifier?continue=https%3A%2F%2Fmail.google.com%2Fmail%2Fu%2F0%2F&emr=1&followup=https%3A%2F%2Fmail.google.com%2Fmail%2Fu%2F0%2F&ifkv=AdBytiObP6XEZ2IQ2MUSj3hvkL6DHsGGnhiq2FVpGmPbIaP5wo6sf4HMxzRTZbsaIIWaS3_-1eUqDw&osid=1&passive=1209600&service=mail&flowName=WebLiteSignIn&flowEntry=ServiceLogin&dsh=S1363000619%3A1749407846714869,22,0,11
1749407846252,22,HTTP Request-0,301,Moved Permanently,Thread Group1 1-4,text,true,,607,112,2,2,http://gmail.com/,22,0,11
1749407846275,409,HTTP Request-1,302,Found,Thread Group1 1-4,text,true,,759,127,2,2,https://mail.google.com/mail/u/0/,409,0,190
1749407846685,499,HTTP Request-2,302,Found,Thread Group1 1-4,text,true,,1653,262,2,2,https://accounts.google.com/ServiceLogin?service=mail&passive=1209600&osid=1&continue=https://mail.google.com/mail/u/0/&followup=https://mail.google.com/mail/u/0/&emr=1,499,0,329
1749407847184,194,HTTP Request-3,302,Moved Temporarily,Thread Group1 1-4,text,true,,2090,350,2,2,https://accounts.google.com/InteractiveLogin?continue=https://mail.google.com/mail/u/0/&emr=1&followup=https://mail.google.com/mail/u/0/&osid=1&passive=1209600&service=mail&ifkv=AdBytiOG1o2pH2f2G29rR2iPAw8RmHo8Kkuwxg-1dRDFgsli71PgbG5PpYEZ-HUh4Dy0S7-FEO_TRQ,194,0,0
1749407847378,1213,HTTP Request-4,200,OK,Thread Group1 1-4,text,true,,802632,463,2,2,https://accounts.google.com/v3/signin/identifier?continue=https%3A%2F%2Fmail.google.com%2Fmail%2Fu%2F0%2F&emr=1&followup=https%3A%2F%2Fmail.google.com%2Fmail%2Fu%2F0%2F&ifkv=AdBytiObP6XEZ2IQ2MUSj3hvkL6DHsGGnhiq2FVpGmPbIaP5wo6sf4HMxzRTZbsaIIWaS3_-1eUqDw&osid=1&passive=1209600&service=mail&flowName=WebLiteSignIn&flowEntry=ServiceLogin&dsh=S1363000619%3A1749407846714869,213,0,0
1749407846451,2314,HTTP Request,200,OK,Thread Group1 1-5,text,true,,807709,1315,1,1,https://accounts.google.com/v3/signin/identifier?continue=https%3A%2F%2Fmail.google.com%2Fmail%2Fu%2F0%2F&emr=1&followup=https%3A%2F%2Fmail.google.com%2Fmail%2Fu%2F0%2F&ifkv=AdBytiO1OBSt3sDput95W7y7_uvRV3ZoqdASyAVfIoBw42uJ2ykwe9BHXjHGNTNCmSmoPJmlaBmbWg&osid=1&passive=1209600&service=mail&flowName=WebLiteSignIn&flowEntry=ServiceLogin&dsh=S-1154981861%3A1749407846934859,27,0,18
1749407846451,27,HTTP Request-0,301,Moved Permanently,Thread Group1 1-5,text,true,,607,112,1,1,http://gmail.com/,27,0,18
1749407846478,426,HTTP Request-1,302,Found,Thread Group1 1-5,text,true,,759,127,1,1,https://mail.google.com/mail/u/0/,426,0,208
1749407846904,503,HTTP Request-2,302,Found,Thread Group1 1-5,text,true,,1653,262,1,1,https://accounts.google.com/ServiceLogin?service=mail&passive=1209600&osid=1&continue=https://mail.google.com/mail/u/0/&followup=https://mail.google.com/mail/u/0/&emr=1,503,0,333
1749407847407,186,HTTP Request-3,302,Moved Temporarily,Thread Group1 1-5,text,true,,2092,350,1,1,https://accounts.google.com/InteractiveLogin?continue=https://mail.google.com/mail/u/0/&emr=1&followup=https://mail.google.com/mail/u/0/&osid=1&passive=1209600&service=mail&ifkv=AdBytiPHNX3lfQ4KQZo7eNBFg4WX9aTWgVG4WA5HCNrYaMMDj9HN-kLAIhhBhtVuT15q71-sJylSGA,186,0,0
1749407847593,1172,HTTP Request-4,200,OK,Thread Group1 1-5,text,true,,802598,464,1,1,https://accounts.google.com/v3/signin/identifier?continue=https%3A%2F%2Fmail.google.com%2Fmail%2Fu%2F0%2F&emr=1&followup=https%3A%2F%2Fmail.google.com%2Fmail%2Fu%2F0%2F&ifkv=AdBytiO1OBSt3sDput95W7y7_uvRV3ZoqdASyAVfIoBw42uJ2ykwe9BHXjHGNTNCmSmoPJmlaBmbWg&osid=1&passive=1209600&service=mail&flowName=WebLiteSignIn&flowEntry=ServiceLogin&dsh=S-1154981861%3A1749407846934859,193,0,0
1749796579172,617,HTTP Request 1,200,OK,Thread Group 1-1,text,true,,4757,120,7,7,https://www.blazedemo.com/,601,0,216
1749796579273,622,HTTP Request 1,200,OK,Thread Group 1-2,text,true,,4757,120,8,8,https://www.blazedemo.com/,604,0,199
1749796579370,589,HTTP Request 1,200,OK,Thread Group 1-3,text,true,,4757,120,8,8,https://www.blazedemo.com/,570,0,192
1749796579471,620,HTTP Request 1,200,OK,Thread Group 1-4,text,true,,4757,120,10,10,https://www.blazedemo.com/,604,0,210
1749796579570,613,HTTP Request 1,200,OK,Thread Group 1-5,text,true,,4757,120,11,11,https://www.blazedemo.com/,592,0,198
1749796579791,434,HTTP Request 1,200,OK,Thread Group 1-1,text,true,,4757,120,11,11,https://www.blazedemo.com/,418,0,0
1749796579671,612,HTTP Request 1,200,OK,Thread Group 1-6,text,true,,4757,120,11,11,https://www.blazedemo.com/,593,0,199
1749796579895,391,HTTP Request 1,200,OK,Thread Group 1-2,text,true,,4757,120,11,11,https://www.blazedemo.com/,373,0,0
1749796579770,643,HTTP Request 1,200,OK,Thread Group 1-7,text,true,,4757,120,11,11,https://www.blazedemo.com/,624,0,205
1749796579959,457,HTTP Request 1,200,OK,Thread Group 1-3,text,true,,4757,120,11,11,https://www.blazedemo.com/,438,0,0
1749796579872,587,HTTP Request 1,200,OK,Thread Group 1-8,text,true,,4757,120,10,10,https://www.blazedemo.com/,584,0,190
1749796580091,400,HTTP Request 1,200,OK,Thread Group 1-4,text,true,,4757,120,11,11,https://www.blazedemo.com/,382,0,0
1749796580183,400,HTTP Request 1,200,OK,Thread Group 1-5,text,true,,4761,120,11,11,https://www.blazedemo.com/,383,0,0
1749796579972,637,HTTP Request 1,200,OK,Thread Group 1-9,text,true,,4757,120,10,10,https://www.blazedemo.com/,620,0,197
1749796580283,393,HTTP Request 1,200,OK,Thread Group 1-6,text,true,,4757,120,11,11,https://www.blazedemo.com/,377,0,0
1749796580071,620,HTTP Request 1,200,OK,Thread Group 1-10,text,true,,4757,120,10,10,https://www.blazedemo.com/,602,0,201
1749796580171,609,HTTP Request 1,200,OK,Thread Group 1-11,text,true,,4757,120,11,11,https://www.blazedemo.com/,591,0,202
1749796580459,376,HTTP Request 1,200,OK,Thread Group 1-8,text,true,,4757,120,11,11,https://www.blazedemo.com/,374,0,0
1749796580413,434,HTTP Request 1,200,OK,Thread Group 1-7,text,true,,4757,120,10,10,https://www.blazedemo.com/,417,0,0
1749796580272,613,HTTP Request 1,200,OK,Thread Group 1-12,text,true,,4757,120,10,10,https://www.blazedemo.com/,599,0,195
1749796580370,557,HTTP Request 1,200,OK,Thread Group 1-13,text,true,,4757,120,10,10,https://www.blazedemo.com/,553,0,203
1749796580610,423,HTTP Request 1,200,OK,Thread Group 1-9,text,true,,4757,120,11,11,https://www.blazedemo.com/,405,0,0
1749796580470,602,HTTP Request 1,200,OK,Thread Group 1-14,text,true,,4757,120,11,11,https://www.blazedemo.com/,586,0,198
1749796580692,406,HTTP Request 1,200,OK,Thread Group 1-10,text,true,,4757,120,11,11,https://www.blazedemo.com/,388,0,0
1749796580780,408,HTTP Request 1,200,OK,Thread Group 1-11,text,true,,4757,120,11,11,https://www.blazedemo.com/,393,0,0
1749796580570,619,HTTP Request 1,200,OK,Thread Group 1-15,text,true,,4757,120,11,11,https://www.blazedemo.com/,619,0,232
1749796580885,407,HTTP Request 1,200,OK,Thread Group 1-12,text,true,,4757,120,11,11,https://www.blazedemo.com/,392,0,0
1749796580670,625,HTTP Request 1,200,OK,Thread Group 1-16,text,true,,4757,120,11,11,https://www.blazedemo.com/,607,0,202
1749796580928,393,HTTP Request 1,200,OK,Thread Group 1-13,text,true,,4757,120,10,10,https://www.blazedemo.com/,388,0,0
1749796580771,594,HTTP Request 1,200,OK,Thread Group 1-17,text,true,,4757,120,9,9,https://www.blazedemo.com/,579,0,210
1749796580871,534,HTTP Request 1,200,OK,Thread Group 1-18,text,true,,4757,120,10,10,https://www.blazedemo.com/,534,0,186
1749796581072,417,HTTP Request 1,200,OK,Thread Group 1-14,text,true,,4757,120,11,11,https://www.blazedemo.com/,403,0,0
1749796581191,367,HTTP Request 1,200,OK,Thread Group 1-15,text,true,,4757,120,10,10,https://www.blazedemo.com/,367,0,0
1749796580971,630,HTTP Request 1,200,OK,Thread Group 1-19,text,true,,4757,120,10,10,https://www.blazedemo.com/,613,0,204
1749796581071,569,HTTP Request 1,200,OK,Thread Group 1-20,text,true,,4757,120,10,10,https://www.blazedemo.com/,569,0,189
1749796581295,412,HTTP Request 1,200,OK,Thread Group 1-16,text,true,,4757,120,11,11,https://www.blazedemo.com/,395,0,0
1749796581172,609,HTTP Request 1,200,OK,Thread Group 1-21,text,true,,4757,120,11,11,https://www.blazedemo.com/,591,0,198
1749796581365,427,HTTP Request 1,200,OK,Thread Group 1-17,text,true,,4757,120,11,11,https://www.blazedemo.com/,408,0,0
1749796581406,395,HTTP Request 1,200,OK,Thread Group 1-18,text,true,,4757,120,10,10,https://www.blazedemo.com/,395,0,0
1749796581269,630,HTTP Request 1,200,OK,Thread Group 1-22,text,true,,4757,120,10,10,https://www.blazedemo.com/,612,0,211
1749796581602,378,HTTP Request 1,200,OK,Thread Group 1-19,text,true,,4757,120,11,11,https://www.blazedemo.com/,362,0,0
1749796581369,643,HTTP Request 1,200,OK,Thread Group 1-23,text,true,,4757,120,10,10,https://www.blazedemo.com/,627,0,209
1749796581640,393,HTTP Request 1,200,OK,Thread Group 1-20,text,true,,4757,120,10,10,https://www.blazedemo.com/,391,0,0
1749796581470,612,HTTP Request 1,200,OK,Thread Group 1-24,text,true,,4757,120,10,10,https://www.blazedemo.com/,595,0,203
1749796581571,621,HTTP Request 1,200,OK,Thread Group 1-25,text,true,,4757,120,11,11,https://www.blazedemo.com/,618,0,186
1749796581782,425,HTTP Request 1,200,OK,Thread Group 1-21,text,true,,4757,120,11,11,https://www.blazedemo.com/,407,0,0
1749796581670,614,HTTP Request 1,200,OK,Thread Group 1-26,text,true,,4757,120,11,11,https://www.blazedemo.com/,598,0,197
1749796581899,430,HTTP Request 1,200,OK,Thread Group 1-22,text,true,,4757,120,11,11,https://www.blazedemo.com/,413,0,0
1749796581771,617,HTTP Request 1,200,OK,Thread Group 1-27,text,true,,4757,120,11,11,https://www.blazedemo.com/,599,0,205
1749796582012,406,HTTP Request 1,200,OK,Thread Group 1-23,text,true,,4757,120,11,11,https://www.blazedemo.com/,388,0,0
1749796581869,603,HTTP Request 1,200,OK,Thread Group 1-28,text,true,,4757,120,11,11,https://www.blazedemo.com/,586,0,203
1749796582083,432,HTTP Request 1,200,OK,Thread Group 1-24,text,true,,4757,120,11,11,https://www.blazedemo.com/,415,0,0
1749796582192,377,HTTP Request 1,200,OK,Thread Group 1-25,text,true,,4757,120,10,10,https://www.blazedemo.com/,374,0,0
1749796581970,641,HTTP Request 1,200,OK,Thread Group 1-29,text,true,,4757,120,10,10,https://www.blazedemo.com/,624,0,198
1749796582070,622,HTTP Request 1,200,OK,Thread Group 1-30,text,true,,4757,120,11,11,https://www.blazedemo.com/,606,0,209
1749796582284,415,HTTP Request 1,200,OK,Thread Group 1-26,text,true,,4757,120,11,11,https://www.blazedemo.com/,397,0,0
1749796582172,634,HTTP Request 1,200,OK,Thread Group 1-31,text,true,,4757,120,11,11,https://www.blazedemo.com/,616,0,200
1749796582388,433,HTTP Request 1,200,OK,Thread Group 1-27,text,true,,4757,120,11,11,https://www.blazedemo.com/,415,0,0
1749796582273,589,HTTP Request 1,200,OK,Thread Group 1-32,text,true,,4757,120,10,10,https://www.blazedemo.com/,581,0,192
1749796582472,399,HTTP Request 1,200,OK,Thread Group 1-28,text,true,,4757,120,11,11,https://www.blazedemo.com/,383,0,0
1749796582370,616,HTTP Request 1,200,OK,Thread Group 1-33,text,true,,4757,120,11,11,https://www.blazedemo.com/,600,0,197
1749796582611,393,HTTP Request 1,200,OK,Thread Group 1-29,text,true,,4757,120,11,11,https://www.blazedemo.com/,375,0,0
1749796582471,606,HTTP Request 1,200,OK,Thread Group 1-34,text,true,,4757,120,11,11,https://www.blazedemo.com/,589,0,202
1749796582692,397,HTTP Request 1,200,OK,Thread Group 1-30,text,true,,4757,120,11,11,https://www.blazedemo.com/,378,0,0
1749796582570,605,HTTP Request 1,200,OK,Thread Group 1-35,text,true,,4757,120,11,11,https://www.blazedemo.com/,588,0,193
1749796582806,423,HTTP Request 1,200,OK,Thread Group 1-31,text,true,,4757,120,11,11,https://www.blazedemo.com/,406,0,0
1749796582862,406,HTTP Request 1,200,OK,Thread Group 1-32,text,true,,4757,120,10,10,https://www.blazedemo.com/,396,0,0
1749796582671,605,HTTP Request 1,200,OK,Thread Group 1-36,text,true,,4757,120,10,10,https://www.blazedemo.com/,587,0,184
1749796582771,589,HTTP Request 1,200,OK,Thread Group 1-37,text,true,,4757,120,10,10,https://www.blazedemo.com/,580,0,194
1749796582987,415,HTTP Request 1,200,OK,Thread Group 1-33,text,true,,4757,120,11,11,https://www.blazedemo.com/,397,0,0
1749796583078,377,HTTP Request 1,200,OK,Thread Group 1-34,text,true,,4757,120,10,10,https://www.blazedemo.com/,359,0,0
1749796582869,605,HTTP Request 1,200,OK,Thread Group 1-38,text,true,,4757,120,10,10,https://www.blazedemo.com/,586,0,203
1749796583176,412,HTTP Request 1,200,OK,Thread Group 1-35,text,true,,4757,120,11,11,https://www.blazedemo.com/,397,0,0
1749796582969,630,HTTP Request 1,200,OK,Thread Group 1-39,text,true,,4757,120,10,10,https://www.blazedemo.com/,627,0,205
1749796583069,598,HTTP Request 1,200,OK,Thread Group 1-40,text,true,,4757,120,10,10,https://www.blazedemo.com/,582,0,197
1749796583328,400,HTTP Request 1,200,OK,Thread Group 1-36,text,true,,4757,120,11,11,https://www.blazedemo.com/,383,0,0
1749796583170,581,HTTP Request 1,200,OK,Thread Group 1-41,text,true,,4757,120,10,10,https://www.blazedemo.com/,558,0,206
1749796583359,402,HTTP Request 1,200,OK,Thread Group 1-37,text,true,,4757,120,10,10,https://www.blazedemo.com/,393,0,0
1749796583473,421,HTTP Request 1,200,OK,Thread Group 1-38,text,true,,4757,120,11,11,https://www.blazedemo.com/,405,0,0
1749796583369,593,HTTP Request 1,200,OK,Thread Group 1-43,text,true,,4757,120,10,10,https://www.blazedemo.com/,593,0,202
1749796583271,725,HTTP Request 1,200,OK,Thread Group 1-42,text,true,,4757,120,11,11,https://www.blazedemo.com/,708,0,309
1749796583599,414,HTTP Request 1,200,OK,Thread Group 1-39,text,true,,4757,120,11,11,https://www.blazedemo.com/,410,0,0
1749796583666,414,HTTP Request 1,200,OK,Thread Group 1-40,text,true,,4757,120,11,11,https://www.blazedemo.com/,397,0,0
1749796583469,625,HTTP Request 1,200,OK,Thread Group 1-44,text,true,,4757,120,10,10,https://www.blazedemo.com/,622,0,197
1749796583569,603,HTTP Request 1,200,OK,Thread Group 1-45,text,true,,4757,120,11,11,https://www.blazedemo.com/,599,0,189
1749796583751,459,HTTP Request 1,200,OK,Thread Group 1-41,text,true,,4757,120,11,11,https://www.blazedemo.com/,441,0,0
1749796583670,607,HTTP Request 1,200,OK,Thread Group 1-46,text,true,,4757,120,11,11,https://www.blazedemo.com/,590,0,205
1749796583962,367,HTTP Request 1,200,OK,Thread Group 1-43,text,true,,4757,120,11,11,https://www.blazedemo.com/,367,0,0
1749796583771,582,HTTP Request 1,200,OK,Thread Group 1-47,text,true,,4757,120,10,10,https://www.blazedemo.com/,582,0,190
1749796583995,447,HTTP Request 1,200,OK,Thread Group 1-42,text,true,,4757,120,11,11,https://www.blazedemo.com/,409,0,0
1749796583870,591,HTTP Request 1,200,OK,Thread Group 1-48,text,true,,4757,120,10,10,https://www.blazedemo.com/,572,0,196
1749796584095,391,HTTP Request 1,200,OK,Thread Group 1-44,text,true,,4757,120,11,11,https://www.blazedemo.com/,391,0,0
1749796584173,399,HTTP Request 1,200,OK,Thread Group 1-45,text,true,,4757,120,11,11,https://www.blazedemo.com/,394,0,0
1749796583969,652,HTTP Request 1,200,OK,Thread Group 1-49,text,true,,4757,120,10,10,https://www.blazedemo.com/,650,0,224
1749796584277,401,HTTP Request 1,200,OK,Thread Group 1-46,text,true,,4757,120,11,11,https://www.blazedemo.com/,379,0,0
1749796584069,612,HTTP Request 1,200,OK,Thread Group 1-50,text,true,,4757,120,10,10,https://www.blazedemo.com/,595,0,210
1749796584169,611,HTTP Request 1,200,OK,Thread Group 1-51,text,true,,4757,120,11,11,https://www.blazedemo.com/,597,0,203
1749796584353,431,HTTP Request 1,200,OK,Thread Group 1-47,text,true,,4757,120,11,11,https://www.blazedemo.com/,427,0,0
1749796584461,398,HTTP Request 1,200,OK,Thread Group 1-48,text,true,,4757,120,10,10,https://www.blazedemo.com/,381,0,0
1749796584269,618,HTTP Request 1,200,OK,Thread Group 1-52,text,true,,4757,120,10,10,https://www.blazedemo.com/,599,0,203
1749796584371,593,HTTP Request 1,200,OK,Thread Group 1-53,text,true,,4757,120,10,10,https://www.blazedemo.com/,577,0,200
1749796584621,400,HTTP Request 1,200,OK,Thread Group 1-49,text,true,,4757,120,11,11,https://www.blazedemo.com/,397,0,0
1749796584469,619,HTTP Request 1,200,OK,Thread Group 1-54,text,true,,4757,120,11,11,https://www.blazedemo.com/,601,0,198
1749796584681,427,HTTP Request 1,200,OK,Thread Group 1-50,text,true,,4757,120,11,11,https://www.blazedemo.com/,407,0,0
1749796584569,579,HTTP Request 1,200,OK,Thread Group 1-55,text,true,,4757,120,10,10,https://www.blazedemo.com/,579,0,192
1749796584780,463,HTTP Request 1,200,OK,Thread Group 1-51,text,true,,4757,120,11,11,https://www.blazedemo.com/,450,0,0
1749796584670,671,HTTP Request 1,200,OK,Thread Group 1-56,text,true,,4757,120,11,11,https://www.blazedemo.com/,655,0,182
1749796584887,494,HTTP Request 1,200,OK,Thread Group 1-52,text,true,,4757,120,12,12,https://www.blazedemo.com/,477,0,0
1749796584965,416,HTTP Request 1,200,OK,Thread Group 1-53,text,true,,4757,120,12,12,https://www.blazedemo.com/,402,0,0
1749796584771,610,HTTP Request 1,200,OK,Thread Group 1-57,text,true,,4757,120,12,12,https://www.blazedemo.com/,610,0,186
1749796584870,639,HTTP Request 1,200,OK,Thread Group 1-58,text,true,,4757,120,11,11,https://www.blazedemo.com/,621,0,206
1749796585088,439,HTTP Request 1,200,OK,Thread Group 1-54,text,true,,4757,120,11,11,https://www.blazedemo.com/,421,0,0
1749796585148,396,HTTP Request 1,200,OK,Thread Group 1-55,text,true,,4757,120,10,10,https://www.blazedemo.com/,396,0,0
1749796584969,604,HTTP Request 1,200,OK,Thread Group 1-59,text,true,,4757,120,10,10,https://www.blazedemo.com/,596,0,200
1749796585070,586,HTTP Request 1,200,OK,Thread Group 1-60,text,true,,4757,120,10,10,https://www.blazedemo.com/,577,0,199
1749796585381,361,HTTP Request 1,200,OK,Thread Group 1-57,text,true,,4757,120,11,11,https://www.blazedemo.com/,361,0,0
1749796585341,410,HTTP Request 1,200,OK,Thread Group 1-56,text,true,,4757,120,10,10,https://www.blazedemo.com/,394,0,0
1749796585170,595,HTTP Request 1,200,OK,Thread Group 1-61,text,true,,4757,120,9,9,https://www.blazedemo.com/,579,0,195
1749796585269,584,HTTP Request 1,200,OK,Thread Group 1-62,text,true,,4757,120,10,10,https://www.blazedemo.com/,584,0,208
1749796585509,413,HTTP Request 1,200,OK,Thread Group 1-58,text,true,,4757,120,11,11,https://www.blazedemo.com/,394,0,0
1749796585573,389,HTTP Request 1,200,OK,Thread Group 1-59,text,true,,4757,120,10,10,https://www.blazedemo.com/,383,0,0
1749796585369,673,HTTP Request 1,200,OK,Thread Group 1-63,text,true,,4757,120,10,10,https://www.blazedemo.com/,666,0,235
1749796585656,395,HTTP Request 1,200,OK,Thread Group 1-60,text,true,,4757,120,10,10,https://www.blazedemo.com/,387,0,0
1749796585469,589,HTTP Request 1,200,OK,Thread Group 1-64,text,true,,4757,120,9,9,https://www.blazedemo.com/,569,0,206
1749796585569,578,HTTP Request 1,200,OK,Thread Group 1-65,text,true,,4757,120,10,10,https://www.blazedemo.com/,578,0,189
1749796585765,399,HTTP Request 1,200,OK,Thread Group 1-61,text,true,,4757,120,10,10,https://www.blazedemo.com/,382,0,0
1749796585853,397,HTTP Request 1,200,OK,Thread Group 1-62,text,true,,4757,120,10,10,https://www.blazedemo.com/,397,0,0
1749796585669,628,HTTP Request 1,200,OK,Thread Group 1-66,text,true,,4757,120,10,10,https://www.blazedemo.com/,620,0,227
1749796585770,621,HTTP Request 1,200,OK,Thread Group 1-67,text,true,,4757,120,11,11,https://www.blazedemo.com/,604,0,211
1749796586043,403,HTTP Request 1,200,OK,Thread Group 1-63,text,true,,4757,120,11,11,https://www.blazedemo.com/,395,0,0
1749796585869,577,HTTP Request 1,200,OK,Thread Group 1-68,text,true,,4757,120,11,11,https://www.blazedemo.com/,575,0,193
1749796586059,416,HTTP Request 1,200,OK,Thread Group 1-64,text,true,,4757,120,11,11,https://www.blazedemo.com/,402,0,0
1749796586147,364,HTTP Request 1,200,OK,Thread Group 1-65,text,true,,4757,120,10,10,https://www.blazedemo.com/,361,0,0
1749796585969,570,HTTP Request 1,200,OK,Thread Group 1-69,text,true,,4761,120,9,9,https://www.blazedemo.com/,570,0,188
1749796586068,621,HTTP Request 1,200,OK,Thread Group 1-70,text,true,,4757,120,11,11,https://www.blazedemo.com/,604,0,205
1749796586298,423,HTTP Request 1,200,OK,Thread Group 1-66,text,true,,4757,120,11,11,https://www.blazedemo.com/,421,0,0
1749796586392,401,HTTP Request 1,200,OK,Thread Group 1-67,text,true,,4757,120,11,11,https://www.blazedemo.com/,383,0,0
1749796586446,394,HTTP Request 1,200,OK,Thread Group 1-68,text,true,,4757,120,10,10,https://www.blazedemo.com/,391,0,0
1749796586168,675,HTTP Request 1,200,OK,Thread Group 1-71,text,true,,4757,120,9,9,https://www.blazedemo.com/,656,0,251
1749796586280,599,HTTP Request 1,200,OK,Thread Group 1-72,text,true,,4757,120,10,10,https://www.blazedemo.com/,585,0,196
1749796586540,394,HTTP Request 1,200,OK,Thread Group 1-69,text,true,,4757,120,10,10,https://www.blazedemo.com/,394,0,0
1749796586370,586,HTTP Request 1,200,OK,Thread Group 1-73,text,true,,4757,120,9,9,https://www.blazedemo.com/,586,0,185
1749796586470,591,HTTP Request 1,200,OK,Thread Group 1-74,text,true,,4757,120,10,10,https://www.blazedemo.com/,575,0,195
1749796586689,408,HTTP Request 1,200,OK,Thread Group 1-70,text,true,,4757,120,11,11,https://www.blazedemo.com/,391,0,0
1749796586569,613,HTTP Request 1,200,OK,Thread Group 1-75,text,true,,4757,120,11,11,https://www.blazedemo.com/,601,0,195
1749796586843,408,HTTP Request 1,200,OK,Thread Group 1-71,text,true,,4757,120,11,11,https://www.blazedemo.com/,390,0,0
1749796586669,582,HTTP Request 1,200,OK,Thread Group 1-76,text,true,,4757,120,11,11,https://www.blazedemo.com/,564,0,205
1749796586880,411,HTTP Request 1,200,OK,Thread Group 1-72,text,true,,4757,120,11,11,https://www.blazedemo.com/,394,0,0
1749796586965,356,HTTP Request 1,200,OK,Thread Group 1-73,text,true,,4757,120,10,10,https://www.blazedemo.com/,356,0,0
1749796586770,577,HTTP Request 1,200,OK,Thread Group 1-77,text,true,,4757,120,9,9,https://www.blazedemo.com/,574,0,190
1749796587062,378,HTTP Request 1,200,OK,Thread Group 1-74,text,true,,4757,120,10,10,https://www.blazedemo.com/,368,0,0
1749796586870,612,HTTP Request 1,200,OK,Thread Group 1-78,text,true,,4757,120,10,10,https://www.blazedemo.com/,605,0,204
1749796586969,590,HTTP Request 1,200,OK,Thread Group 1-79,text,true,,4757,120,10,10,https://www.blazedemo.com/,576,0,196
1749796587183,453,HTTP Request 1,200,OK,Thread Group 1-75,text,true,,4757,120,11,11,https://www.blazedemo.com/,440,0,0
1749796587069,592,HTTP Request 1,200,OK,Thread Group 1-80,text,true,,4757,120,10,10,https://www.blazedemo.com/,590,0,189
1749796587252,452,HTTP Request 1,200,OK,Thread Group 1-76,text,true,,4757,120,11,11,https://www.blazedemo.com/,433,0,0
1749796587347,395,HTTP Request 1,200,OK,Thread Group 1-77,text,true,,4757,120,10,10,https://www.blazedemo.com/,393,0,0
1749796587173,621,HTTP Request 1,200,OK,Thread Group 1-81,text,true,,4757,120,10,10,https://www.blazedemo.com/,603,0,209
1749796587482,380,HTTP Request 1,200,OK,Thread Group 1-78,text,true,,4757,120,10,10,https://www.blazedemo.com/,372,0,0
1749796587272,618,HTTP Request 1,200,OK,Thread Group 1-82,text,true,,4757,120,10,10,https://www.blazedemo.com/,600,0,204
1749796587559,411,HTTP Request 1,200,OK,Thread Group 1-79,text,true,,4757,120,11,11,https://www.blazedemo.com/,394,0,0
1749796587371,599,HTTP Request 1,200,OK,Thread Group 1-83,text,true,,4757,120,11,11,https://www.blazedemo.com/,599,0,195
1749796587662,431,HTTP Request 1,200,OK,Thread Group 1-80,text,true,,4757,120,11,11,https://www.blazedemo.com/,431,0,0
1749796587469,634,HTTP Request 1,200,OK,Thread Group 1-84,text,true,,4757,120,10,10,https://www.blazedemo.com/,624,0,203
1749796587569,634,HTTP Request 1,200,OK,Thread Group 1-85,text,true,,4757,120,11,11,https://www.blazedemo.com/,621,0,207
1749796587794,428,HTTP Request 1,200,OK,Thread Group 1-81,text,true,,4757,120,11,11,https://www.blazedemo.com/,409,0,0
1749796587669,611,HTTP Request 1,200,OK,Thread Group 1-86,text,true,,4757,120,11,11,https://www.blazedemo.com/,593,0,205
1749796587890,420,HTTP Request 1,200,OK,Thread Group 1-82,text,true,,4757,120,11,11,https://www.blazedemo.com/,403,0,0
1749796587768,596,HTTP Request 1,200,OK,Thread Group 1-87,text,true,,4757,120,10,10,https://www.blazedemo.com/,596,0,198
1749796587970,429,HTTP Request 1,200,OK,Thread Group 1-83,text,true,,4757,120,11,11,https://www.blazedemo.com/,429,0,0
1749796587868,619,HTTP Request 1,200,OK,Thread Group 1-88,text,true,,4757,120,11,11,https://www.blazedemo.com/,602,0,205
1749796588103,421,HTTP Request 1,200,OK,Thread Group 1-84,text,true,,4757,120,11,11,https://www.blazedemo.com/,403,0,0
1749796587970,650,HTTP Request 1,200,OK,Thread Group 1-89,text,true,,4757,120,11,11,https://www.blazedemo.com/,631,0,222
1749796588203,426,HTTP Request 1,200,OK,Thread Group 1-85,text,true,,4757,120,11,11,https://www.blazedemo.com/,408,0,0
1749796588280,406,HTTP Request 1,200,OK,Thread Group 1-86,text,true,,4757,120,11,11,https://www.blazedemo.com/,387,0,0
1749796588070,620,HTTP Request 1,200,OK,Thread Group 1-90,text,true,,4757,120,10,10,https://www.blazedemo.com/,616,0,191
1749796588364,406,HTTP Request 1,200,OK,Thread Group 1-87,text,true,,4757,120,11,11,https://www.blazedemo.com/,406,0,0
1749796588169,608,HTTP Request 1,200,OK,Thread Group 1-91,text,true,,4757,120,10,10,https://www.blazedemo.com/,592,0,196
1749796588269,582,HTTP Request 1,200,OK,Thread Group 1-92,text,true,,4757,120,10,10,https://www.blazedemo.com/,564,0,199
1749796588488,417,HTTP Request 1,200,OK,Thread Group 1-88,text,true,,4757,120,11,11,https://www.blazedemo.com/,399,0,0
1749796588369,623,HTTP Request 1,200,OK,Thread Group 1-93,text,true,,4757,120,11,11,https://www.blazedemo.com/,601,0,211
1749796588620,400,HTTP Request 1,200,OK,Thread Group 1-89,text,true,,4757,120,11,11,https://www.blazedemo.com/,381,0,0
1749796588690,394,HTTP Request 1,200,OK,Thread Group 1-90,text,true,,4757,120,11,11,https://www.blazedemo.com/,391,0,0
1749796588469,673,HTTP Request 1,200,OK,Thread Group 1-94,text,true,,4757,120,10,10,https://www.blazedemo.com/,655,0,265
1749796588777,421,HTTP Request 1,200,OK,Thread Group 1-91,text,true,,4757,120,10,10,https://www.blazedemo.com/,404,0,0
1749796588568,649,HTTP Request 1,200,OK,Thread Group 1-95,text,true,,4757,120,9,9,https://www.blazedemo.com/,645,0,204
1749796588851,409,HTTP Request 1,200,OK,Thread Group 1-92,text,true,,4757,120,9,9,https://www.blazedemo.com/,395,0,0
1749796588668,610,HTTP Request 1,200,OK,Thread Group 1-96,text,true,,4757,120,8,8,https://www.blazedemo.com/,592,0,207
1749796588992,429,HTTP Request 1,200,OK,Thread Group 1-93,text,true,,4757,120,8,8,https://www.blazedemo.com/,411,0,0
1749796588769,692,HTTP Request 1,200,OK,Thread Group 1-97,text,true,,4757,120,7,7,https://www.blazedemo.com/,655,0,225
1749796588870,610,HTTP Request 1,200,OK,Thread Group 1-98,text,true,,4757,120,7,7,https://www.blazedemo.com/,594,0,202
1749796589142,412,HTTP Request 1,200,OK,Thread Group 1-94,text,true,,4757,120,7,7,https://www.blazedemo.com/,394,0,0
1749796588969,590,HTTP Request 1,200,OK,Thread Group 1-99,text,true,,4757,120,6,6,https://www.blazedemo.com/,583,0,190
1749796589217,405,HTTP Request 1,200,OK,Thread Group 1-95,text,true,,4757,120,6,6,https://www.blazedemo.com/,399,0,0
1749796589070,604,HTTP Request 1,200,OK,Thread Group 1-100,text,true,,4757,120,5,5,https://www.blazedemo.com/,585,0,210
1749796589278,401,HTTP Request 1,200,OK,Thread Group 1-96,text,true,,4757,120,5,5,https://www.blazedemo.com/,381,0,0
1749796589471,388,HTTP Request 1,200,OK,Thread Group 1-97,text,true,,4757,120,4,4,https://www.blazedemo.com/,372,0,0
1749796589480,422,HTTP Request 1,200,OK,Thread Group 1-98,text,true,,4757,120,3,3,https://www.blazedemo.com/,405,0,0
1749796589559,403,HTTP Request 1,200,OK,Thread Group 1-99,text,true,,4757,120,2,2,https://www.blazedemo.com/,397,0,0
1749796589675,467,HTTP Request 1,200,OK,Thread Group 1-100,text,true,,4757,120,1,1,https://www.blazedemo.com/,445,0,0
